Workbook

Sheet 가정
B2: Arcane Shell — 몬스터 스탯 곡선 가정
B4: 구간 설정 (4단계)
B5: 총 티어 수 | D5: 22
B6: 초반 구간 끝 티어 | D6: 6
B7: 중반 구간 끝 티어 | D7: 12
B8: 후반 구간 끝 티어 (이후 엔드) | D8: 17
B10: HP 곡선 (4단계 가속)
B11: 티어1 기준 HP | D11: 50
B12: 초반 구간 성장률 (티어당, %) | D12: 0.5
B13: 중반 구간 성장률 (티어당, %) | D13: 1
B14: 후반 구간 성장률 (티어당, %) | D14: 1.75
B15: 엔드 구간 성장률 (티어당, %) | D15: 3
B17: 방어력 곡선
B18: 티어1 기준 방어력 | D18: 5
B19: 초반 구간 성장률 (티어당, %) | D19: 0.1
B20: 중반 구간 성장률 (티어당, %) | D20: 0.15
B21: 후반 구간 성장률 (티어당, %) | D21: 0.2
B22: 엔드 구간 성장률 (티어당, %) | D22: 0.25
B24: 보스 설정
B25: (미사용 — 보스는 이제 각 등급 마지막 티어로 고정: 5/10/14/18/22) | D25: 5
B26: 보스 HP 배율 (동티어 일반 대비) | D26: 5
B27: 보스 방어력 배율 (동티어 일반 대비) | D27: 2
B29: 마석 등급 & 드랍 설정
B30: 마석 등급 수 | D30: 5
B31: 등급1 끝 티어 | D31: 5
B32: 등급2 끝 티어 | D32: 10
B33: 등급3 끝 티어 | D33: 14
B34: 등급4 끝 티어 (이후 등급5) | D34: 18
B35: 드랍 최소수량 (등급 무관 고정) | D35: 0
B36: 등급 전환 직후 드랍 최대수량 (급감) | D36: 2
B37: 등급1 마지막 티어 최대수량 (기준값) | D37: 10
B38: 등급별 최대수량 성장 배율 (등급마다 복리) | D38: 0.5
B39: 보스 드랍 수량 배율 | D39: 3
B41: ※ 드랍은 확률 판정 없이 [최소수량~최대수량] 범위에서 바로 결정됩니다. 등급이 바뀌는 첫 티어는 최대수량이 낮게(등급 전환 직후 값) 리셋되고, 같은 등급 안에서 티어가 오를수록 그 등급의 마지막 티어 최대수량까지 점진적으로 늘어납니다. 등급이 오를수록 마지막 티어 최대수량 자체가 복리로 커져서 등급이 높을수록 등급 내 곡선이 더 가파릅니다. 보스는 일반 최대수량을 보장(최소) + 배율 적용(최대).
B43: ※ 파란 글씨 = 조절 가능한 입력값. 몬스터 스탯 시트가 이 값들을 참조해 자동 계산됩니다.

Sheet 몬스터 스탯
A1: 티어별 몬스터 스탯
A3: 티어 | B3: 구간 | C3: 종류 | D3: HP | E3: 전티어 대비 HP 증가율 | F3: 방어력 | G3: 전티어 대비 방어 증가율 | H3: 비고 | I3: 보스 실제 HP | J3: 보스 실제 방어력 | K3: 마석 등급 | L3: 등급 시작티어 | M3: 등급 끝티어 | N3: 일반 최대수량(보간) | O3: 최종 최소수량 | P3: 최종 최대수량 | Q3: 비고(드랍)
A4: 1 | B4: =IF(A4<=가정!$D$6,"초반",IF(A4<=가정!$D$7,"중반",IF(A4<=가정!$D$8,"후반","엔드"))) -> 초반 | C4: =IF(OR(A4=가정!$D$31,A4=가정!$D$32,A4=가정!$D$33,A4=가정!$D$34,A4=가정!$D$5),"보스","일반") -> 일반 | D4: =가정!$D$11 -> 50 | E4: - | F4: =가정!$D$18 -> 5 | G4: - | I4: =IF(C4="보스",D4*가정!$D$26,"-") -> - | J4: =IF(C4="보스",F4*가정!$D$27,"-") -> - | K4: =IF(A4<=가정!$D$31,1,IF(A4<=가정!$D$32,2,IF(A4<=가정!$D$33,3,IF(A4<=가정!$D$34,4,5)))) -> 1 | L4: =IF(K4=1,1,IF(K4=2,가정!$D$31+1,IF(K4=3,가정!$D$32+1,IF(K4=4,가정!$D$33+1,가정!$D$34+1)))) -> 1 | M4: =IF(K4=1,가정!$D$31,IF(K4=2,가정!$D$32,IF(K4=3,가정!$D$33,IF(K4=4,가정!$D$34,가정!$D$5)))) -> 5 | N4: =ROUND(가정!$D$36+(가정!$D$37*(1+가정!$D$38)^(K4-1)-가정!$D$36)*(A4-L4)/(M4-L4),0) -> 2 | O4: =IF(C4="보스",N4,가정!$D$35) -> 0 | P4: =IF(C4="보스",ROUND(N4*가정!$D$39,0),N4) -> 2 | Q4: =IF(C4="보스","보스 고유 재화 별도 지급","")
A5: 2 | B5: =IF(A5<=가정!$D$6,"초반",IF(A5<=가정!$D$7,"중반",IF(A5<=가정!$D$8,"후반","엔드"))) -> 초반 | C5: =IF(OR(A5=가정!$D$31,A5=가정!$D$32,A5=가정!$D$33,A5=가정!$D$34,A5=가정!$D$5),"보스","일반") -> 일반 | D5: =D4*(1+IF(B5="초반",가정!$D$12,IF(B5="중반",가정!$D$13,IF(B5="후반",가정!$D$14,가정!$D$15)))) -> 75 | E5: =D5/D4-1 -> 0.5 | F5: =F4*(1+IF(B5="초반",가정!$D$19,IF(B5="중반",가정!$D$20,IF(B5="후반",가정!$D$21,가정!$D$22)))) -> 5.5 | G5: =F5/F4-1 -> 0.1 | I5: =IF(C5="보스",D5*가정!$D$26,"-") -> - | J5: =IF(C5="보스",F5*가정!$D$27,"-") -> - | K5: =IF(A5<=가정!$D$31,1,IF(A5<=가정!$D$32,2,IF(A5<=가정!$D$33,3,IF(A5<=가정!$D$34,4,5)))) -> 1 | L5: =IF(K5=1,1,IF(K5=2,가정!$D$31+1,IF(K5=3,가정!$D$32+1,IF(K5=4,가정!$D$33+1,가정!$D$34+1)))) -> 1 | M5: =IF(K5=1,가정!$D$31,IF(K5=2,가정!$D$32,IF(K5=3,가정!$D$33,IF(K5=4,가정!$D$34,가정!$D$5)))) -> 5 | N5: =ROUND(가정!$D$36+(가정!$D$37*(1+가정!$D$38)^(K5-1)-가정!$D$36)*(A5-L5)/(M5-L5),0) -> 4 | O5: =IF(C5="보스",N5,가정!$D$35) -> 0 | P5: =IF(C5="보스",ROUND(N5*가정!$D$39,0),N5) -> 4 | Q5: =IF(C5="보스","보스 고유 재화 별도 지급","")
A6: 3 | B6: =IF(A6<=가정!$D$6,"초반",IF(A6<=가정!$D$7,"중반",IF(A6<=가정!$D$8,"후반","엔드"))) -> 초반 | C6: =IF(OR(A6=가정!$D$31,A6=가정!$D$32,A6=가정!$D$33,A6=가정!$D$34,A6=가정!$D$5),"보스","일반") -> 일반 | D6: =D5*(1+IF(B6="초반",가정!$D$12,IF(B6="중반",가정!$D$13,IF(B6="후반",가정!$D$14,가정!$D$15)))) -> 112.5 | E6: =D6/D5-1 -> 0.5 | F6: =F5*(1+IF(B6="초반",가정!$D$19,IF(B6="중반",가정!$D$20,IF(B6="후반",가정!$D$21,가정!$D$22)))) -> 6.05 | G6: =F6/F5-1 -> 0.1 | I6: =IF(C6="보스",D6*가정!$D$26,"-") -> - | J6: =IF(C6="보스",F6*가정!$D$27,"-") -> - | K6: =IF(A6<=가정!$D$31,1,IF(A6<=가정!$D$32,2,IF(A6<=가정!$D$33,3,IF(A6<=가정!$D$34,4,5)))) -> 1 | L6: =IF(K6=1,1,IF(K6=2,가정!$D$31+1,IF(K6=3,가정!$D$32+1,IF(K6=4,가정!$D$33+1,가정!$D$34+1)))) -> 1 | M6: =IF(K6=1,가정!$D$31,IF(K6=2,가정!$D$32,IF(K6=3,가정!$D$33,IF(K6=4,가정!$D$34,가정!$D$5)))) -> 5 | N6: =ROUND(가정!$D$36+(가정!$D$37*(1+가정!$D$38)^(K6-1)-가정!$D$36)*(A6-L6)/(M6-L6),0) -> 6 | O6: =IF(C6="보스",N6,가정!$D$35) -> 0 | P6: =IF(C6="보스",ROUND(N6*가정!$D$39,0),N6) -> 6 | Q6: =IF(C6="보스","보스 고유 재화 별도 지급","")
A7: 4 | B7: =IF(A7<=가정!$D$6,"초반",IF(A7<=가정!$D$7,"중반",IF(A7<=가정!$D$8,"후반","엔드"))) -> 초반 | C7: =IF(OR(A7=가정!$D$31,A7=가정!$D$32,A7=가정!$D$33,A7=가정!$D$34,A7=가정!$D$5),"보스","일반") -> 일반 | D7: =D6*(1+IF(B7="초반",가정!$D$12,IF(B7="중반",가정!$D$13,IF(B7="후반",가정!$D$14,가정!$D$15)))) -> 168.75 | E7: =D7/D6-1 -> 0.5 | F7: =F6*(1+IF(B7="초반",가정!$D$19,IF(B7="중반",가정!$D$20,IF(B7="후반",가정!$D$21,가정!$D$22)))) -> 6.655 | G7: =F7/F6-1 -> 0.1 | I7: =IF(C7="보스",D7*가정!$D$26,"-") -> - | J7: =IF(C7="보스",F7*가정!$D$27,"-") -> - | K7: =IF(A7<=가정!$D$31,1,IF(A7<=가정!$D$32,2,IF(A7<=가정!$D$33,3,IF(A7<=가정!$D$34,4,5)))) -> 1 | L7: =IF(K7=1,1,IF(K7=2,가정!$D$31+1,IF(K7=3,가정!$D$32+1,IF(K7=4,가정!$D$33+1,가정!$D$34+1)))) -> 1 | M7: =IF(K7=1,가정!$D$31,IF(K7=2,가정!$D$32,IF(K7=3,가정!$D$33,IF(K7=4,가정!$D$34,가정!$D$5)))) -> 5 | N7: =ROUND(가정!$D$36+(가정!$D$37*(1+가정!$D$38)^(K7-1)-가정!$D$36)*(A7-L7)/(M7-L7),0) -> 8 | O7: =IF(C7="보스",N7,가정!$D$35) -> 0 | P7: =IF(C7="보스",ROUND(N7*가정!$D$39,0),N7) -> 8 | Q7: =IF(C7="보스","보스 고유 재화 별도 지급","")
A8: 5 | B8: =IF(A8<=가정!$D$6,"초반",IF(A8<=가정!$D$7,"중반",IF(A8<=가정!$D$8,"후반","엔드"))) -> 초반 | C8: =IF(OR(A8=가정!$D$31,A8=가정!$D$32,A8=가정!$D$33,A8=가정!$D$34,A8=가정!$D$5),"보스","일반") -> 보스 | D8: =D7*(1+IF(B8="초반",가정!$D$12,IF(B8="중반",가정!$D$13,IF(B8="후반",가정!$D$14,가정!$D$15)))) -> 253.125 | E8: =D8/D7-1 -> 0.5 | F8: =F7*(1+IF(B8="초반",가정!$D$19,IF(B8="중반",가정!$D$20,IF(B8="후반",가정!$D$21,가정!$D$22)))) -> 7.3205 | G8: =F8/F7-1 -> 0.1 | I8: =IF(C8="보스",D8*가정!$D$26,"-") -> 1265.625 | J8: =IF(C8="보스",F8*가정!$D$27,"-") -> 14.641 | K8: =IF(A8<=가정!$D$31,1,IF(A8<=가정!$D$32,2,IF(A8<=가정!$D$33,3,IF(A8<=가정!$D$34,4,5)))) -> 1 | L8: =IF(K8=1,1,IF(K8=2,가정!$D$31+1,IF(K8=3,가정!$D$32+1,IF(K8=4,가정!$D$33+1,가정!$D$34+1)))) -> 1 | M8: =IF(K8=1,가정!$D$31,IF(K8=2,가정!$D$32,IF(K8=3,가정!$D$33,IF(K8=4,가정!$D$34,가정!$D$5)))) -> 5 | N8: =ROUND(가정!$D$36+(가정!$D$37*(1+가정!$D$38)^(K8-1)-가정!$D$36)*(A8-L8)/(M8-L8),0) -> 10 | O8: =IF(C8="보스",N8,가정!$D$35) -> 10 | P8: =IF(C8="보스",ROUND(N8*가정!$D$39,0),N8) -> 30 | Q8: =IF(C8="보스","보스 고유 재화 별도 지급","") -> 보스 고유 재화 별도 지급
A9: 6 | B9: =IF(A9<=가정!$D$6,"초반",IF(A9<=가정!$D$7,"중반",IF(A9<=가정!$D$8,"후반","엔드"))) -> 초반 | C9: =IF(OR(A9=가정!$D$31,A9=가정!$D$32,A9=가정!$D$33,A9=가정!$D$34,A9=가정!$D$5),"보스","일반") -> 일반 | D9: =D8*(1+IF(B9="초반",가정!$D$12,IF(B9="중반",가정!$D$13,IF(B9="후반",가정!$D$14,가정!$D$15)))) -> 379.6875 | E9: =D9/D8-1 -> 0.5 | F9: =F8*(1+IF(B9="초반",가정!$D$19,IF(B9="중반",가정!$D$20,IF(B9="후반",가정!$D$21,가정!$D$22)))) -> 8.05255 | G9: =F9/F8-1 -> 0.1 | I9: =IF(C9="보스",D9*가정!$D$26,"-") -> - | J9: =IF(C9="보스",F9*가정!$D$27,"-") -> - | K9: =IF(A9<=가정!$D$31,1,IF(A9<=가정!$D$32,2,IF(A9<=가정!$D$33,3,IF(A9<=가정!$D$34,4,5)))) -> 2 | L9: =IF(K9=1,1,IF(K9=2,가정!$D$31+1,IF(K9=3,가정!$D$32+1,IF(K9=4,가정!$D$33+1,가정!$D$34+1)))) -> 6 | M9: =IF(K9=1,가정!$D$31,IF(K9=2,가정!$D$32,IF(K9=3,가정!$D$33,IF(K9=4,가정!$D$34,가정!$D$5)))) -> 10 | N9: =ROUND(가정!$D$36+(가정!$D$37*(1+가정!$D$38)^(K9-1)-가정!$D$36)*(A9-L9)/(M9-L9),0) -> 2 | O9: =IF(C9="보스",N9,가정!$D$35) -> 0 | P9: =IF(C9="보스",ROUND(N9*가정!$D$39,0),N9) -> 2 | Q9: =IF(C9="보스","보스 고유 재화 별도 지급","")
A10: 7 | B10: =IF(A10<=가정!$D$6,"초반",IF(A10<=가정!$D$7,"중반",IF(A10<=가정!$D$8,"후반","엔드"))) -> 중반 | C10: =IF(OR(A10=가정!$D$31,A10=가정!$D$32,A10=가정!$D$33,A10=가정!$D$34,A10=가정!$D$5),"보스","일반") -> 일반 | D10: =D9*(1+IF(B10="초반",가정!$D$12,IF(B10="중반",가정!$D$13,IF(B10="후반",가정!$D$14,가정!$D$15)))) -> 759.375 | E10: =D10/D9-1 -> 1 | F10: =F9*(1+IF(B10="초반",가정!$D$19,IF(B10="중반",가정!$D$20,IF(B10="후반",가정!$D$21,가정!$D$22)))) -> 9.2604325 | G10: =F10/F9-1 -> 0.15 | I10: =IF(C10="보스",D10*가정!$D$26,"-") -> - | J10: =IF(C10="보스",F10*가정!$D$27,"-") -> - | K10: =IF(A10<=가정!$D$31,1,IF(A10<=가정!$D$32,2,IF(A10<=가정!$D$33,3,IF(A10<=가정!$D$34,4,5)))) -> 2 | L10: =IF(K10=1,1,IF(K10=2,가정!$D$31+1,IF(K10=3,가정!$D$32+1,IF(K10=4,가정!$D$33+1,가정!$D$34+1)))) -> 6 | M10: =IF(K10=1,가정!$D$31,IF(K10=2,가정!$D$32,IF(K10=3,가정!$D$33,IF(K10=4,가정!$D$34,가정!$D$5)))) -> 10 | N10: =ROUND(가정!$D$36+(가정!$D$37*(1+가정!$D$38)^(K10-1)-가정!$D$36)*(A10-L10)/(M10-L10),0) -> 5 | O10: =IF(C10="보스",N10,가정!$D$35) -> 0 | P10: =IF(C10="보스",ROUND(N10*가정!$D$39,0),N10) -> 5 | Q10: =IF(C10="보스","보스 고유 재화 별도 지급","")
A11: 8 | B11: =IF(A11<=가정!$D$6,"초반",IF(A11<=가정!$D$7,"중반",IF(A11<=가정!$D$8,"후반","엔드"))) -> 중반 | C11: =IF(OR(A11=가정!$D$31,A11=가정!$D$32,A11=가정!$D$33,A11=가정!$D$34,A11=가정!$D$5),"보스","일반") -> 일반 | D11: =D10*(1+IF(B11="초반",가정!$D$12,IF(B11="중반",가정!$D$13,IF(B11="후반",가정!$D$14,가정!$D$15)))) -> 1518.75 | E11: =D11/D10-1 -> 1 | F11: =F10*(1+IF(B11="초반",가정!$D$19,IF(B11="중반",가정!$D$20,IF(B11="후반",가정!$D$21,가정!$D$22)))) -> 10.649497 | G11: =F11/F10-1 -> 0.15 | I11: =IF(C11="보스",D11*가정!$D$26,"-") -> - | J11: =IF(C11="보스",F11*가정!$D$27,"-") -> - | K11: =IF(A11<=가정!$D$31,1,IF(A11<=가정!$D$32,2,IF(A11<=가정!$D$33,3,IF(A11<=가정!$D$34,4,5)))) -> 2 | L11: =IF(K11=1,1,IF(K11=2,가정!$D$31+1,IF(K11=3,가정!$D$32+1,IF(K11=4,가정!$D$33+1,가정!$D$34+1)))) -> 6 | M11: =IF(K11=1,가정!$D$31,IF(K11=2,가정!$D$32,IF(K11=3,가정!$D$33,IF(K11=4,가정!$D$34,가정!$D$5)))) -> 10 | N11: =ROUND(가정!$D$36+(가정!$D$37*(1+가정!$D$38)^(K11-1)-가정!$D$36)*(A11-L11)/(M11-L11),0) -> 9 | O11: =IF(C11="보스",N11,가정!$D$35) -> 0 | P11: =IF(C11="보스",ROUND(N11*가정!$D$39,0),N11) -> 9 | Q11: =IF(C11="보스","보스 고유 재화 별도 지급","")
A12: 9 | B12: =IF(A12<=가정!$D$6,"초반",IF(A12<=가정!$D$7,"중반",IF(A12<=가정!$D$8,"후반","엔드"))) -> 중반 | C12: =IF(OR(A12=가정!$D$31,A12=가정!$D$32,A12=가정!$D$33,A12=가정!$D$34,A12=가정!$D$5),"보스","일반") -> 일반 | D12: =D11*(1+IF(B12="초반",가정!$D$12,IF(B12="중반",가정!$D$13,IF(B12="후반",가정!$D$14,가정!$D$15)))) -> 3037.5 | E12: =D12/D11-1 -> 1 | F12: =F11*(1+IF(B12="초반",가정!$D$19,IF(B12="중반",가정!$D$20,IF(B12="후반",가정!$D$21,가정!$D$22)))) -> 12.246922 | G12: =F12/F11-1 -> 0.15 | I12: =IF(C12="보스",D12*가정!$D$26,"-") -> - | J12: =IF(C12="보스",F12*가정!$D$27,"-") -> - | K12: =IF(A12<=가정!$D$31,1,IF(A12<=가정!$D$32,2,IF(A12<=가정!$D$33,3,IF(A12<=가정!$D$34,4,5)))) -> 2 | L12: =IF(K12=1,1,IF(K12=2,가정!$D$31+1,IF(K12=3,가정!$D$32+1,IF(K12=4,가정!$D$33+1,가정!$D$34+1)))) -> 6 | M12: =IF(K12=1,가정!$D$31,IF(K12=2,가정!$D$32,IF(K12=3,가정!$D$33,IF(K12=4,가정!$D$34,가정!$D$5)))) -> 10 | N12: =ROUND(가정!$D$36+(가정!$D$37*(1+가정!$D$38)^(K12-1)-가정!$D$36)*(A12-L12)/(M12-L12),0) -> 12 | O12: =IF(C12="보스",N12,가정!$D$35) -> 0 | P12: =IF(C12="보스",ROUND(N12*가정!$D$39,0),N12) -> 12 | Q12: =IF(C12="보스","보스 고유 재화 별도 지급","")
A13: 10 | B13: =IF(A13<=가정!$D$6,"초반",IF(A13<=가정!$D$7,"중반",IF(A13<=가정!$D$8,"후반","엔드"))) -> 중반 | C13: =IF(OR(A13=가정!$D$31,A13=가정!$D$32,A13=가정!$D$33,A13=가정!$D$34,A13=가정!$D$5),"보스","일반") -> 보스 | D13: =D12*(1+IF(B13="초반",가정!$D$12,IF(B13="중반",가정!$D$13,IF(B13="후반",가정!$D$14,가정!$D$15)))) -> 6075 | E13: =D13/D12-1 -> 1 | F13: =F12*(1+IF(B13="초반",가정!$D$19,IF(B13="중반",가정!$D$20,IF(B13="후반",가정!$D$21,가정!$D$22)))) -> 14.08396 | G13: =F13/F12-1 -> 0.15 | I13: =IF(C13="보스",D13*가정!$D$26,"-") -> 30375 | J13: =IF(C13="보스",F13*가정!$D$27,"-") -> 28.167921 | K13: =IF(A13<=가정!$D$31,1,IF(A13<=가정!$D$32,2,IF(A13<=가정!$D$33,3,IF(A13<=가정!$D$34,4,5)))) -> 2 | L13: =IF(K13=1,1,IF(K13=2,가정!$D$31+1,IF(K13=3,가정!$D$32+1,IF(K13=4,가정!$D$33+1,가정!$D$34+1)))) -> 6 | M13: =IF(K13=1,가정!$D$31,IF(K13=2,가정!$D$32,IF(K13=3,가정!$D$33,IF(K13=4,가정!$D$34,가정!$D$5)))) -> 10 | N13: =ROUND(가정!$D$36+(가정!$D$37*(1+가정!$D$38)^(K13-1)-가정!$D$36)*(A13-L13)/(M13-L13),0) -> 15 | O13: =IF(C13="보스",N13,가정!$D$35) -> 15 | P13: =IF(C13="보스",ROUND(N13*가정!$D$39,0),N13) -> 45 | Q13: =IF(C13="보스","보스 고유 재화 별도 지급","") -> 보스 고유 재화 별도 지급
A14: 11 | B14: =IF(A14<=가정!$D$6,"초반",IF(A14<=가정!$D$7,"중반",IF(A14<=가정!$D$8,"후반","엔드"))) -> 중반 | C14: =IF(OR(A14=가정!$D$31,A14=가정!$D$32,A14=가정!$D$33,A14=가정!$D$34,A14=가정!$D$5),"보스","일반") -> 일반 | D14: =D13*(1+IF(B14="초반",가정!$D$12,IF(B14="중반",가정!$D$13,IF(B14="후반",가정!$D$14,가정!$D$15)))) -> 12150 | E14: =D14/D13-1 -> 1 | F14: =F13*(1+IF(B14="초반",가정!$D$19,IF(B14="중반",가정!$D$20,IF(B14="후반",가정!$D$21,가정!$D$22)))) -> 16.196554 | G14: =F14/F13-1 -> 0.15 | I14: =IF(C14="보스",D14*가정!$D$26,"-") -> - | J14: =IF(C14="보스",F14*가정!$D$27,"-") -> - | K14: =IF(A14<=가정!$D$31,1,IF(A14<=가정!$D$32,2,IF(A14<=가정!$D$33,3,IF(A14<=가정!$D$34,4,5)))) -> 3 | L14: =IF(K14=1,1,IF(K14=2,가정!$D$31+1,IF(K14=3,가정!$D$32+1,IF(K14=4,가정!$D$33+1,가정!$D$34+1)))) -> 11 | M14: =IF(K14=1,가정!$D$31,IF(K14=2,가정!$D$32,IF(K14=3,가정!$D$33,IF(K14=4,가정!$D$34,가정!$D$5)))) -> 14 | N14: =ROUND(가정!$D$36+(가정!$D$37*(1+가정!$D$38)^(K14-1)-가정!$D$36)*(A14-L14)/(M14-L14),0) -> 2 | O14: =IF(C14="보스",N14,가정!$D$35) -> 0 | P14: =IF(C14="보스",ROUND(N14*가정!$D$39,0),N14) -> 2 | Q14: =IF(C14="보스","보스 고유 재화 별도 지급","")
A15: 12 | B15: =IF(A15<=가정!$D$6,"초반",IF(A15<=가정!$D$7,"중반",IF(A15<=가정!$D$8,"후반","엔드"))) -> 중반 | C15: =IF(OR(A15=가정!$D$31,A15=가정!$D$32,A15=가정!$D$33,A15=가정!$D$34,A15=가정!$D$5),"보스","일반") -> 일반 | D15: =D14*(1+IF(B15="초반",가정!$D$12,IF(B15="중반",가정!$D$13,IF(B15="후반",가정!$D$14,가정!$D$15)))) -> 24300 | E15: =D15/D14-1 -> 1 | F15: =F14*(1+IF(B15="초반",가정!$D$19,IF(B15="중반",가정!$D$20,IF(B15="후반",가정!$D$21,가정!$D$22)))) -> 18.626037 | G15: =F15/F14-1 -> 0.15 | I15: =IF(C15="보스",D15*가정!$D$26,"-") -> - | J15: =IF(C15="보스",F15*가정!$D$27,"-") -> - | K15: =IF(A15<=가정!$D$31,1,IF(A15<=가정!$D$32,2,IF(A15<=가정!$D$33,3,IF(A15<=가정!$D$34,4,5)))) -> 3 | L15: =IF(K15=1,1,IF(K15=2,가정!$D$31+1,IF(K15=3,가정!$D$32+1,IF(K15=4,가정!$D$33+1,가정!$D$34+1)))) -> 11 | M15: =IF(K15=1,가정!$D$31,IF(K15=2,가정!$D$32,IF(K15=3,가정!$D$33,IF(K15=4,가정!$D$34,가정!$D$5)))) -> 14 | N15: =ROUND(가정!$D$36+(가정!$D$37*(1+가정!$D$38)^(K15-1)-가정!$D$36)*(A15-L15)/(M15-L15),0) -> 9 | O15: =IF(C15="보스",N15,가정!$D$35) -> 0 | P15: =IF(C15="보스",ROUND(N15*가정!$D$39,0),N15) -> 9 | Q15: =IF(C15="보스","보스 고유 재화 별도 지급","")
A16: 13 | B16: =IF(A16<=가정!$D$6,"초반",IF(A16<=가정!$D$7,"중반",IF(A16<=가정!$D$8,"후반","엔드"))) -> 후반 | C16: =IF(OR(A16=가정!$D$31,A16=가정!$D$32,A16=가정!$D$33,A16=가정!$D$34,A16=가정!$D$5),"보스","일반") -> 일반 | D16: =D15*(1+IF(B16="초반",가정!$D$12,IF(B16="중반",가정!$D$13,IF(B16="후반",가정!$D$14,가정!$D$15)))) -> 66825 | E16: =D16/D15-1 -> 1.75 | F16: =F15*(1+IF(B16="초반",가정!$D$19,IF(B16="중반",가정!$D$20,IF(B16="후반",가정!$D$21,가정!$D$22)))) -> 22.351245 | G16: =F16/F15-1 -> 0.2 | I16: =IF(C16="보스",D16*가정!$D$26,"-") -> - | J16: =IF(C16="보스",F16*가정!$D$27,"-") -> - | K16: =IF(A16<=가정!$D$31,1,IF(A16<=가정!$D$32,2,IF(A16<=가정!$D$33,3,IF(A16<=가정!$D$34,4,5)))) -> 3 | L16: =IF(K16=1,1,IF(K16=2,가정!$D$31+1,IF(K16=3,가정!$D$32+1,IF(K16=4,가정!$D$33+1,가정!$D$34+1)))) -> 11 | M16: =IF(K16=1,가정!$D$31,IF(K16=2,가정!$D$32,IF(K16=3,가정!$D$33,IF(K16=4,가정!$D$34,가정!$D$5)))) -> 14 | N16: =ROUND(가정!$D$36+(가정!$D$37*(1+가정!$D$38)^(K16-1)-가정!$D$36)*(A16-L16)/(M16-L16),0) -> 16 | O16: =IF(C16="보스",N16,가정!$D$35) -> 0 | P16: =IF(C16="보스",ROUND(N16*가정!$D$39,0),N16) -> 16 | Q16: =IF(C16="보스","보스 고유 재화 별도 지급","")
... A25: 22 | B25: =IF(A25<=가정!$D$6,"초반",IF(A25<=가정!$D$7,"중반",IF(A25<=가정!$D$8,"후반","엔드"))) -> 엔드 | C25: =IF(OR(A25=가정!$D$31,A25=가정!$D$32,A25=가정!$D$33,A25=가정!$D$34,A25=가정!$D$5),"보스","일반") -> 보스 | D25: =D24*(1+IF(B25="초반",가정!$D$12,IF(B25="중반",가정!$D$13,IF(B25="후반",가정!$D$14,가정!$D$15)))) -> 3913539300 | E25: =D25/D24-1 -> 3 | F25: =F24*(1+IF(B25="초반",가정!$D$19,IF(B25="중반",가정!$D$20,IF(B25="후반",가정!$D$21,가정!$D$22)))) -> 141.44147 | G25: =F25/F24-1 -> 0.25 | I25: =IF(C25="보스",D25*가정!$D$26,"-") -> 19567696500 | J25: =IF(C25="보스",F25*가정!$D$27,"-") -> 282.88294 | K25: =IF(A25<=가정!$D$31,1,IF(A25<=가정!$D$32,2,IF(A25<=가정!$D$33,3,IF(A25<=가정!$D$34,4,5)))) -> 5 | L25: =IF(K25=1,1,IF(K25=2,가정!$D$31+1,IF(K25=3,가정!$D$32+1,IF(K25=4,가정!$D$33+1,가정!$D$34+1)))) -> 19 | M25: =IF(K25=1,가정!$D$31,IF(K25=2,가정!$D$32,IF(K25=3,가정!$D$33,IF(K25=4,가정!$D$34,가정!$D$5)))) -> 22 | N25: =ROUND(가정!$D$36+(가정!$D$37*(1+가정!$D$38)^(K25-1)-가정!$D$36)*(A25-L25)/(M25-L25),0) -> 51 | O25: =IF(C25="보스",N25,가정!$D$35) -> 51 | P25: =IF(C25="보스",ROUND(N25*가정!$D$39,0),N25) -> 153 | Q25: =IF(C25="보스","보스 고유 재화 별도 지급","") -> 보스 고유 재화 별도 지급
