Workbook

Sheet 가정
B2: 아르카나 트리 — 노드 비용 곡선 가정
B4: 랭크 / 깊이 구조
B5: 총 랭크 수 | D5: 10
B6: 랭크1 (초반) 깊이 | D6: 10
B7: 랭크2~N 깊이 (랭크당) | D7: 5
B8: 총 깊이 (자동계산) | D8: =D6+(D5-1)*D7 -> 55
B10: 깊이별 노드 해금 비용 (마석, 1강 기준)
B11: 마석 등급 수 (랭크와 매핑: 2랭크당 1등급) | D11: 5
B12: 등급1 시작비용 (해당 등급 첫 깊이) | D12: 10
B13: 등급2 시작비용 | D13: 20
B14: 등급3 시작비용 | D14: 30
B15: 등급4 시작비용 | D15: 40
B16: 등급5 시작비용 | D16: 50
B17: 등급1 깊이당 성장률 (%, 복리) | D17: 0.4
B18: 등급2 깊이당 성장률 (%) | D18: 0.7
B19: 등급3 깊이당 성장률 (%) | D19: 1
B20: 등급4 깊이당 성장률 (%) | D20: 1.25
B21: 등급5 깊이당 성장률 (%) | D21: 1.5
B22: 등급 내부 랭크 전환 시 추가 배율 (%) | D22: 0.3
B24: 노드 내부 강화 비용 (같은 노드, 강화 단계별)
B25: 노드 내 강화 성장률 (%, 복리) | D25: 0.25
B26: 예시용 강화 횟수 (실제는 노드마다 5~10 개별 지정) | D26: 8
B29: ※ 파란 글씨 = 입력값. 등급이 바뀌는 첫 깊이는 등급별 시작비용으로 초기화되고, 같은 등급 안에서는 그 등급의 깊이당 성장률로 복리 증가하다가 등급 내부 랭크 전환 시 한 번 더 배율이 붙습니다. 등급이 오를수록 깊이당 성장률 자체가 배로 뛰어(40%→80%→160%→320%→640%) 후반으로 갈수록 곡선이 극도로 가팔라집니다 — 이 구간부터는 수동 사냥/강화가 아니라 스크립트 자동화가 사실상 필수가 되도록 의도한 설계입니다. '깊이별 비용' 시트는 깊이마다 노드를 처음 해금(1강)하는 비용, '노드 내부 강화 예시' 시트는 같은 노드를 반복 강화할 때 비용이 어떻게 붙는지 보여줍니다.

Sheet 깊이별 비용
A1: 깊이별 노드 해금 비용 (1강 기준)
A3: 깊이 | B3: 랭크 | C3: 요구 마석 등급 | D3: 1강 비용 (마석) | E3: 전깊이 대비 증가율
A4: 1 | B4: =IF(A4<=가정!$D$6,1,2+INT((A4-가정!$D$6-1)/가정!$D$7)) -> 1 | C4: =INT((B4-1)/(가정!$D$5/가정!$D$11))+1 -> 1 | D4: =가정!$D$12 -> 10 | E4: -
A5: 2 | B5: =IF(A5<=가정!$D$6,1,2+INT((A5-가정!$D$6-1)/가정!$D$7)) -> 1 | C5: =INT((B5-1)/(가정!$D$5/가정!$D$11))+1 -> 1 | D5: =IF(C5<>C4,IF(C5=1,가정!$D$12,IF(C5=2,가정!$D$13,IF(C5=3,가정!$D$14,IF(C5=4,가정!$D$15,가정!$D$16)))),D4*(1+IF(C5=1,가정!$D$17,IF(C5=2,가정!$D$18,IF(C5=3,가정!$D$19,IF(C5=4,가정!$D$20,가정!$D$21)))))*IF(B5<>B4,(1+가정!$D$22),1)) -> 14 | E5: =D5/D4-1 -> 0.4
A6: 3 | B6: =IF(A6<=가정!$D$6,1,2+INT((A6-가정!$D$6-1)/가정!$D$7)) -> 1 | C6: =INT((B6-1)/(가정!$D$5/가정!$D$11))+1 -> 1 | D6: =IF(C6<>C5,IF(C6=1,가정!$D$12,IF(C6=2,가정!$D$13,IF(C6=3,가정!$D$14,IF(C6=4,가정!$D$15,가정!$D$16)))),D5*(1+IF(C6=1,가정!$D$17,IF(C6=2,가정!$D$18,IF(C6=3,가정!$D$19,IF(C6=4,가정!$D$20,가정!$D$21)))))*IF(B6<>B5,(1+가정!$D$22),1)) -> 19.6 | E6: =D6/D5-1 -> 0.4
A7: 4 | B7: =IF(A7<=가정!$D$6,1,2+INT((A7-가정!$D$6-1)/가정!$D$7)) -> 1 | C7: =INT((B7-1)/(가정!$D$5/가정!$D$11))+1 -> 1 | D7: =IF(C7<>C6,IF(C7=1,가정!$D$12,IF(C7=2,가정!$D$13,IF(C7=3,가정!$D$14,IF(C7=4,가정!$D$15,가정!$D$16)))),D6*(1+IF(C7=1,가정!$D$17,IF(C7=2,가정!$D$18,IF(C7=3,가정!$D$19,IF(C7=4,가정!$D$20,가정!$D$21)))))*IF(B7<>B6,(1+가정!$D$22),1)) -> 27.44 | E7: =D7/D6-1 -> 0.4
A8: 5 | B8: =IF(A8<=가정!$D$6,1,2+INT((A8-가정!$D$6-1)/가정!$D$7)) -> 1 | C8: =INT((B8-1)/(가정!$D$5/가정!$D$11))+1 -> 1 | D8: =IF(C8<>C7,IF(C8=1,가정!$D$12,IF(C8=2,가정!$D$13,IF(C8=3,가정!$D$14,IF(C8=4,가정!$D$15,가정!$D$16)))),D7*(1+IF(C8=1,가정!$D$17,IF(C8=2,가정!$D$18,IF(C8=3,가정!$D$19,IF(C8=4,가정!$D$20,가정!$D$21)))))*IF(B8<>B7,(1+가정!$D$22),1)) -> 38.416 | E8: =D8/D7-1 -> 0.4
A9: 6 | B9: =IF(A9<=가정!$D$6,1,2+INT((A9-가정!$D$6-1)/가정!$D$7)) -> 1 | C9: =INT((B9-1)/(가정!$D$5/가정!$D$11))+1 -> 1 | D9: =IF(C9<>C8,IF(C9=1,가정!$D$12,IF(C9=2,가정!$D$13,IF(C9=3,가정!$D$14,IF(C9=4,가정!$D$15,가정!$D$16)))),D8*(1+IF(C9=1,가정!$D$17,IF(C9=2,가정!$D$18,IF(C9=3,가정!$D$19,IF(C9=4,가정!$D$20,가정!$D$21)))))*IF(B9<>B8,(1+가정!$D$22),1)) -> 53.7824 | E9: =D9/D8-1 -> 0.4
A10: 7 | B10: =IF(A10<=가정!$D$6,1,2+INT((A10-가정!$D$6-1)/가정!$D$7)) -> 1 | C10: =INT((B10-1)/(가정!$D$5/가정!$D$11))+1 -> 1 | D10: =IF(C10<>C9,IF(C10=1,가정!$D$12,IF(C10=2,가정!$D$13,IF(C10=3,가정!$D$14,IF(C10=4,가정!$D$15,가정!$D$16)))),D9*(1+IF(C10=1,가정!$D$17,IF(C10=2,가정!$D$18,IF(C10=3,가정!$D$19,IF(C10=4,가정!$D$20,가정!$D$21)))))*IF(B10<>B9,(1+가정!$D$22),1)) -> 75.29536 | E10: =D10/D9-1 -> 0.4
A11: 8 | B11: =IF(A11<=가정!$D$6,1,2+INT((A11-가정!$D$6-1)/가정!$D$7)) -> 1 | C11: =INT((B11-1)/(가정!$D$5/가정!$D$11))+1 -> 1 | D11: =IF(C11<>C10,IF(C11=1,가정!$D$12,IF(C11=2,가정!$D$13,IF(C11=3,가정!$D$14,IF(C11=4,가정!$D$15,가정!$D$16)))),D10*(1+IF(C11=1,가정!$D$17,IF(C11=2,가정!$D$18,IF(C11=3,가정!$D$19,IF(C11=4,가정!$D$20,가정!$D$21)))))*IF(B11<>B10,(1+가정!$D$22),1)) -> 105.4135 | E11: =D11/D10-1 -> 0.4
A12: 9 | B12: =IF(A12<=가정!$D$6,1,2+INT((A12-가정!$D$6-1)/가정!$D$7)) -> 1 | C12: =INT((B12-1)/(가정!$D$5/가정!$D$11))+1 -> 1 | D12: =IF(C12<>C11,IF(C12=1,가정!$D$12,IF(C12=2,가정!$D$13,IF(C12=3,가정!$D$14,IF(C12=4,가정!$D$15,가정!$D$16)))),D11*(1+IF(C12=1,가정!$D$17,IF(C12=2,가정!$D$18,IF(C12=3,가정!$D$19,IF(C12=4,가정!$D$20,가정!$D$21)))))*IF(B12<>B11,(1+가정!$D$22),1)) -> 147.57891 | E12: =D12/D11-1 -> 0.4
A13: 10 | B13: =IF(A13<=가정!$D$6,1,2+INT((A13-가정!$D$6-1)/가정!$D$7)) -> 1 | C13: =INT((B13-1)/(가정!$D$5/가정!$D$11))+1 -> 1 | D13: =IF(C13<>C12,IF(C13=1,가정!$D$12,IF(C13=2,가정!$D$13,IF(C13=3,가정!$D$14,IF(C13=4,가정!$D$15,가정!$D$16)))),D12*(1+IF(C13=1,가정!$D$17,IF(C13=2,가정!$D$18,IF(C13=3,가정!$D$19,IF(C13=4,가정!$D$20,가정!$D$21)))))*IF(B13<>B12,(1+가정!$D$22),1)) -> 206.61047 | E13: =D13/D12-1 -> 0.4
A14: 11 | B14: =IF(A14<=가정!$D$6,1,2+INT((A14-가정!$D$6-1)/가정!$D$7)) -> 2 | C14: =INT((B14-1)/(가정!$D$5/가정!$D$11))+1 -> 1 | D14: =IF(C14<>C13,IF(C14=1,가정!$D$12,IF(C14=2,가정!$D$13,IF(C14=3,가정!$D$14,IF(C14=4,가정!$D$15,가정!$D$16)))),D13*(1+IF(C14=1,가정!$D$17,IF(C14=2,가정!$D$18,IF(C14=3,가정!$D$19,IF(C14=4,가정!$D$20,가정!$D$21)))))*IF(B14<>B13,(1+가정!$D$22),1)) -> 376.03105 | E14: =D14/D13-1 -> 0.82
A15: 12 | B15: =IF(A15<=가정!$D$6,1,2+INT((A15-가정!$D$6-1)/가정!$D$7)) -> 2 | C15: =INT((B15-1)/(가정!$D$5/가정!$D$11))+1 -> 1 | D15: =IF(C15<>C14,IF(C15=1,가정!$D$12,IF(C15=2,가정!$D$13,IF(C15=3,가정!$D$14,IF(C15=4,가정!$D$15,가정!$D$16)))),D14*(1+IF(C15=1,가정!$D$17,IF(C15=2,가정!$D$18,IF(C15=3,가정!$D$19,IF(C15=4,가정!$D$20,가정!$D$21)))))*IF(B15<>B14,(1+가정!$D$22),1)) -> 526.44347 | E15: =D15/D14-1 -> 0.4
A16: 13 | B16: =IF(A16<=가정!$D$6,1,2+INT((A16-가정!$D$6-1)/가정!$D$7)) -> 2 | C16: =INT((B16-1)/(가정!$D$5/가정!$D$11))+1 -> 1 | D16: =IF(C16<>C15,IF(C16=1,가정!$D$12,IF(C16=2,가정!$D$13,IF(C16=3,가정!$D$14,IF(C16=4,가정!$D$15,가정!$D$16)))),D15*(1+IF(C16=1,가정!$D$17,IF(C16=2,가정!$D$18,IF(C16=3,가정!$D$19,IF(C16=4,가정!$D$20,가정!$D$21)))))*IF(B16<>B15,(1+가정!$D$22),1)) -> 737.02086 | E16: =D16/D15-1 -> 0.4
... A58: 55 | B58: =IF(A58<=가정!$D$6,1,2+INT((A58-가정!$D$6-1)/가정!$D$7)) -> 10 | C58: =INT((B58-1)/(가정!$D$5/가정!$D$11))+1 -> 5 | D58: =IF(C58<>C57,IF(C58=1,가정!$D$12,IF(C58=2,가정!$D$13,IF(C58=3,가정!$D$14,IF(C58=4,가정!$D$15,가정!$D$16)))),D57*(1+IF(C58=1,가정!$D$17,IF(C58=2,가정!$D$18,IF(C58=3,가정!$D$19,IF(C58=4,가정!$D$20,가정!$D$21)))))*IF(B58<>B57,(1+가정!$D$22),1)) -> 247955.32 | E58: =D58/D57-1 -> 1.5

Sheet 노드 내부 강화 예시
A1: 노드 내부 강화 비용 예시 (같은 노드 반복 강화)
A2: 실제 강화 횟수는 노드마다 5~10회로 다르게 지정됩니다. 아래는 예시 깊이 기준 계산입니다.
A4: 예시 노드의 깊이 | C4: 20
A5: 해당 깊이 1강 비용 (깊이별비용 시트 참조) | C5: =VLOOKUP(C4,'깊이별 비용'!A4:D58,4,FALSE()) -> 167.042
A6: 요구 마석 등급 | C6: =VLOOKUP(C4,'깊이별 비용'!A4:D58,3,FALSE()) -> 2
A8: 강화 단계 | B8: 누적 마석 소모 | C8: 이번 단계 소모 | D8: 전단계 대비 증가율
A9: 1 | B9: =SUM($C$9:C9) -> 167.042 | C9: =$C$5 -> 167.042 | D9: -
A10: 2 | B10: =SUM($C$9:C10) -> 375.8445 | C10: =C9*(1+가정!$D$25) -> 208.8025 | D10: =C10/C9-1 -> 0.25
A11: 3 | B11: =SUM($C$9:C11) -> 636.84762 | C11: =C10*(1+가정!$D$25) -> 261.00313 | D11: =C11/C10-1 -> 0.25
A12: 4 | B12: =SUM($C$9:C12) -> 963.10153 | C12: =C11*(1+가정!$D$25) -> 326.25391 | D12: =C12/C11-1 -> 0.25
A13: 5 | B13: =SUM($C$9:C13) -> 1370.9189 | C13: =C12*(1+가정!$D$25) -> 407.81738 | D13: =C13/C12-1 -> 0.25
A14: 6 | B14: =SUM($C$9:C14) -> 1880.6906 | C14: =C13*(1+가정!$D$25) -> 509.77173 | D14: =C14/C13-1 -> 0.25
A15: 7 | B15: =SUM($C$9:C15) -> 2517.9053 | C15: =C14*(1+가정!$D$25) -> 637.21466 | D15: =C15/C14-1 -> 0.25
A16: 8 | B16: =SUM($C$9:C16) -> 3314.4236 | C16: =C15*(1+가정!$D$25) -> 796.51833 | D16: =C16/C15-1 -> 0.25
A17: 9 | B17: =SUM($C$9:C17) -> 4310.0715 | C17: =C16*(1+가정!$D$25) -> 995.64791 | D17: =C17/C16-1 -> 0.25
A18: 10 | B18: =SUM($C$9:C18) -> 5554.6314 | C18: =C17*(1+가정!$D$25) -> 1244.5599 | D18: =C18/C17-1 -> 0.25
A20: 5~10회 범위이므로, 실제 노드 설계 시 이 표의 강화단계 행 수를 노드별로 잘라 사용하면 됩니다 (예: 6회짜리 노드는 1~6단계만 적용).
